fieldfac;distance;adjacent.habitat;prop.efa;Wild pollinator visits;Honey bee visits;Local pollination potential;Predatory ground beetles;Predation;Parasitoids;Parasitism;Yield;number of insecticide applications;synthetic nitrogen fertilizer;number of crops in rotation;plant density;seeding density;residual yield;Field size;No. of herbicide applications;No. of fungicide applications;Length of crop rotation (years);Seeding date;Harvest date
ch.1;2;WL;18.96;108.00;96.00;0.16;83.00;0.43;18.00;0.20;5.75;4.00;190.00;5.00;51.00;38.00;-0.06;14007.54;1.00;2.00;5.00;22.08.2013;29.07.2014
ch.1;9;WL;18.96;68.00;105.00;0.06;17.00;0.27;16.00;0.11;5.99;4.00;190.00;5.00;56.00;38.00;-0.13;14007.54;1.00;2.00;5.00;22.08.2013;29.07.2014
ch.1;17;WL;18.96;60.00;152.00;0.12;27.00;0.17;6.00;0.29;6.70;4.00;190.00;5.00;51.00;38.00;0.58;14007.54;1.00;2.00;5.00;22.08.2013;29.07.2014
ch.1;25;WL;18.96;41.00;28.00;0.07;2.00;0.33;6.00;0.09;5.92;4.00;190.00;5.00;51.00;38.00;-0.20;14007.54;1.00;2.00;5.00;22.08.2013;29.07.2014
ch.10;2;HL;22.01;14.00;1240.00;0.20;51.00;0.03;7.00;0.05;5.78;3.00;153.00;3.00;35.00;55.00;0.17;10058.76;2.00;2.00;4.00;28.08.2013;17.07.2014
ch.10;9;HL;22.01;76.00;2162.00;0.18;119.00;0.40;12.00;0.00;5.81;3.00;153.00;3.00;44.00;55.00;0.20;10058.76;2.00;2.00;4.00;28.08.2013;17.07.2014
ch.10;17;HL;22.01;27.00;1760.00;0.12;66.00;0.32;10.00;0.00;5.05;3.00;153.00;3.00;38.00;55.00;0.01;10058.76;2.00;2.00;4.00;28.08.2013;17.07.2014
ch.10;25;HL;22.01;68.00;939.00;0.18;156.00;0.17;33.00;0.03;4.84;3.00;153.00;3.00;39.00;55.00;-0.20;10058.76;2.00;2.00;4.00;28.08.2013;17.07.2014
ch.11;2;HL;10.53;29.00;39.00;0.21;33.00;0.00;41.00;0.00;1.51;0.00;55.00;3.00;30.00;50.00;-0.85;13238.64;0.00;0.00;4.00;05.09.2013;17.07.2014
ch.11;9;HL;10.53;16.00;40.00;0.31;74.00;0.50;16.00;0.00;3.41;0.00;55.00;3.00;37.00;50.00;1.05;13238.64;0.00;0.00;4.00;05.09.2013;17.07.2014
ch.11;17;HL;10.53;7.00;11.00;0.00;64.00;0.18;7.00;0.10;0.64;0.00;55.00;3.00;44.00;50.00;-1.07;13238.64;0.00;0.00;4.00;05.09.2013;17.07.2014
ch.11;25;HL;10.53;15.00;96.00;0.00;37.00;0.23;10.00;0.09;2.35;0.00;55.00;3.00;59.00;50.00;0.64;13238.64;0.00;0.00;4.00;05.09.2013;17.07.2014
ch.12;2;HL;16.89;178.00;189.00;0.19;39.00;0.10;139.00;0.20;5.12;0.00;0.00;3.00;61.00;25.00;-0.16;12431.79;0.00;0.00;4.00;08.09.2013;02.08.2014
ch.12;9;HL;16.89;117.00;169.00;0.17;94.00;0.39;45.00;0.15;5.61;0.00;0.00;3.00;63.00;25.00;0.33;12431.79;0.00;0.00;4.00;08.09.2013;02.08.2014
ch.12;17;HL;16.89;82.00;138.00;0.28;158.00;0.00;25.00;0.00;5.23;0.00;0.00;3.00;73.00;25.00;-0.28;12431.79;0.00;0.00;4.00;08.09.2013;02.08.2014
ch.12;25;HL;16.89;38.00;143.00;0.07;35.00;0.18;11.00;0.07;6.19;0.00;0.00;3.00;57.00;25.00;0.68;12431.79;0.00;0.00;4.00;08.09.2013;02.08.2014
ch.13;2;CO;20.59;12.00;520.00;0.00;152.00;0.11;107.00;0.18;2.49;2.00;90.00;4.00;39.00;50.00;-0.30;16659.04;2.00;0.00;4.00;03.09.2013;16.07.2014
ch.13;9;CO;20.59;5.00;922.00;0.00;128.00;0.18;38.00;0.31;3.55;2.00;90.00;4.00;31.00;50.00;0.76;16659.04;2.00;0.00;4.00;03.09.2013;16.07.2014
ch.13;17;CO;20.59;6.00;1103.00;0.00;96.00;0.29;34.00;0.08;2.18;2.00;90.00;4.00;33.00;50.00;-0.61;16659.04;2.00;0.00;4.00;03.09.2013;16.07.2014
ch.13;25;CO;20.59;13.00;833.00;0.04;299.00;0.00;29.00;0.00;2.68;2.00;90.00;4.00;46.00;50.00;-0.14;16659.04;2.00;0.00;4.00;03.09.2013;16.07.2014
ch.14;2;CO;20.16;5.00;715.00;0.13;28.00;0.05;733.00;0.05;3.21;3.00;52.00;4.00;64.00;43.00;-0.37;12374.01;1.00;0.00;4.00;03.09.2013;18.07.2014
ch.14;9;CO;20.16;12.00;488.00;0.08;33.00;0.27;115.00;0.11;3.60;3.00;52.00;4.00;50.00;43.00;0.02;12374.01;1.00;0.00;4.00;03.09.2013;18.07.2014
ch.14;17;CO;20.16;9.00;395.00;0.11;107.00;0.28;135.00;0.00;3.72;3.00;52.00;4.00;104.00;43.00;0.14;12374.01;1.00;0.00;4.00;03.09.2013;18.07.2014
ch.14;25;CO;20.16;12.00;540.00;0.00;86.00;0.14;164.00;0.02;3.80;3.00;52.00;4.00;81.00;43.00;-0.01;12374.01;1.00;0.00;4.00;03.09.2013;18.07.2014
ch.15;2;CO;26.15;7.00;201.00;0.00;66.00;0.20;26.00;0.11;3.35;2.00;130.00;4.00;55.00;50.00;-0.44;14955.05;1.00;1.00;4.00;31.08.2013;16.07.2014
ch.15;9;CO;26.15;72.00;306.00;0.33;154.00;0.24;22.00;0.14;3.89;2.00;130.00;4.00;48.00;50.00;0.10;14955.05;1.00;1.00;4.00;31.08.2013;16.07.2014
ch.15;17;CO;26.15;15.00;209.00;0.13;144.00;0.06;23.00;0.02;3.75;2.00;130.00;4.00;50.00;50.00;-0.04;14955.05;1.00;1.00;4.00;31.08.2013;16.07.2014
ch.15;25;CO;26.15;8.00;124.00;0.32;61.00;0.48;12.00;0.00;5.07;2.00;130.00;4.00;61.00;50.00;0.42;14955.05;1.00;1.00;4.00;31.08.2013;16.07.2014
ch.16;2;CO;7.02;11.00;196.00;0.15;23.00;0.11;0.00;0.11;7.45;3.00;90.00;4.00;75.00;50.00;0.96;9964.91;1.00;1.00;4.00;30.08.2013;17.07.2014
ch.16;9;CO;7.02;100.00;138.00;0.11;9.00;0.25;6.00;0.00;5.67;3.00;90.00;4.00;53.00;50.00;-0.82;9964.91;1.00;1.00;4.00;30.08.2013;17.07.2014
ch.16;17;CO;7.02;3.00;182.00;0.00;22.00;0.00;0.00;0.00;6.15;3.00;90.00;4.00;46.00;50.00;-0.34;9964.91;1.00;1.00;4.00;30.08.2013;17.07.2014
ch.16;25;CO;7.02;10.00;136.00;0.04;33.00;0.33;0.00;0.00;8.32;3.00;90.00;4.00;65.00;50.00;0.79;9964.91;1.00;1.00;4.00;30.08.2013;17.07.2014
ch.17;2;CO;10.37;47.00;141.00;0.08;60.00;0.00;8.00;0.33;6.97;4.00;157.00;3.00;47.00;25.00;0.75;15819.76;0.00;1.00;4.00;30.08.2013;20.07.2014
ch.17;9;CO;10.37;19.00;127.00;0.00;61.00;0.00;4.00;0.00;5.14;4.00;157.00;3.00;69.00;25.00;-1.08;15819.76;0.00;1.00;4.00;30.08.2013;20.07.2014
ch.17;17;CO;10.37;22.00;118.00;0.00;127.00;0.11;5.00;0.00;6.31;4.00;157.00;3.00;65.00;25.00;0.09;15819.76;0.00;1.00;4.00;30.08.2013;20.07.2014
ch.17;25;CO;10.37;31.00;117.00;0.00;121.00;0.20;7.00;0.11;7.68;4.00;157.00;3.00;76.00;25.00;0.59;15819.76;0.00;1.00;4.00;30.08.2013;20.07.2014
ch.18;2;CO;9.59;9.00;198.00;0.00;78.00;0.26;7.00;0.03;2.82;2.00;113.00;3.00;40.00;28.00;-0.38;27050.14;0.00;1.00;5.00;30.08.2013;25.07.2014
ch.18;9;CO;9.59;1.00;128.00;0.05;83.00;0.44;8.00;0.00;3.54;2.00;113.00;3.00;41.00;28.00;0.34;27050.14;0.00;1.00;5.00;30.08.2013;25.07.2014
ch.18;17;CO;9.59;3.00;232.00;0.20;83.00;0.13;5.00;0.13;2.62;2.00;113.00;3.00;36.00;28.00;-0.58;27050.14;0.00;1.00;5.00;30.08.2013;25.07.2014
ch.18;25;CO;9.59;1.00;105.00;0.00;29.00;0.00;3.00;0.00;4.98;2.00;113.00;3.00;66.00;28.00;0.56;27050.14;0.00;1.00;5.00;30.08.2013;25.07.2014
ch.2;2;WL;7.44;5.00;151.00;0.00;125.00;0.12;42.00;0.09;2.95;3.00;192.00;5.00;35.00;60.00;-0.36;9283.35;1.00;2.00;6.00;30.08.2013;20.07.2014
ch.2;9;WL;7.44;5.00;188.00;0.13;19.00;0.04;47.00;0.13;3.93;3.00;192.00;5.00;25.00;60.00;0.16;9283.35;1.00;2.00;6.00;30.08.2013;20.07.2014
ch.2;17;WL;7.44;0.00;55.00;0.00;69.00;0.11;50.00;0.08;4.03;3.00;192.00;5.00;34.00;60.00;0.26;9283.35;1.00;2.00;6.00;30.08.2013;20.07.2014
ch.2;25;WL;7.44;30.00;66.00;0.00;47.00;0.00;30.00;0.09;3.46;3.00;192.00;5.00;41.00;60.00;-0.31;9283.35;1.00;2.00;6.00;30.08.2013;20.07.2014
ch.3;2;WL;22.01;34.00;371.00;0.00;83.00;0.27;13.00;0.04;3.77;2.00;0.00;4.00;76.00;65.00;0.03;37036.85;1.00;1.00;4.00;05.09.2013;19.07.2014
ch.3;9;WL;22.01;15.00;196.00;0.19;17.00;0.08;5.00;0.08;3.14;2.00;0.00;4.00;56.00;65.00;-0.43;37036.85;1.00;1.00;4.00;05.09.2013;19.07.2014
ch.3;17;WL;22.01;15.00;231.00;0.18;111.00;0.24;9.00;0.13;3.21;2.00;0.00;4.00;54.00;65.00;-0.36;37036.85;1.00;1.00;4.00;05.09.2013;19.07.2014
ch.3;25;WL;22.01;2.00;242.00;0.11;70.00;0.24;6.00;0.13;4.23;2.00;0.00;4.00;64.00;65.00;0.66;37036.85;1.00;1.00;4.00;05.09.2013;19.07.2014
ch.4;2;WL;8.54;102.00;1424.00;0.11;78.00;0.13;28.00;0.06;2.37;3.00;0.00;4.00;64.00;65.00;-0.69;8171.10;1.00;1.00;4.00;03.09.2013;18.07.2014
ch.4;9;WL;8.54;11.00;1176.00;0.04;55.00;0.42;42.00;0.07;4.58;3.00;0.00;4.00;39.00;65.00;0.37;8171.10;1.00;1.00;4.00;03.09.2013;18.07.2014
ch.4;17;WL;8.54;24.00;1452.00;0.09;40.00;0.00;0.00;0.07;4.67;3.00;0.00;4.00;82.00;65.00;0.46;8171.10;1.00;1.00;4.00;03.09.2013;18.07.2014
ch.4;25;WL;8.54;2.00;863.00;0.23;126.00;0.07;35.00;0.13;3.83;3.00;0.00;4.00;81.00;65.00;-0.38;8171.10;1.00;1.00;4.00;03.09.2013;18.07.2014
ch.5;2;WL;17.18;20.00;1253.00;0.16;56.00;0.15;0.00;0.13;4.00;0.00;0.00;4.00;57.00;50.00;0.01;53604.53;0.00;0.00;4.00;03.09.2013;18.07.2014
ch.5;9;WL;17.18;25.00;1001.00;0.24;132.00;0.13;24.00;0.02;4.22;0.00;0.00;4.00;61.00;50.00;-0.02;53604.53;0.00;0.00;4.00;03.09.2013;18.07.2014
ch.5;17;WL;17.18;8.00;1017.00;0.19;75.00;0.21;22.00;0.10;5.05;0.00;0.00;4.00;67.00;50.00;0.81;53604.53;0.00;0.00;4.00;03.09.2013;18.07.2014
ch.5;25;WL;17.18;16.00;965.00;0.12;15.00;0.39;15.00;0.18;3.73;0.00;0.00;4.00;70.00;50.00;-0.51;53604.53;0.00;0.00;4.00;03.09.2013;18.07.2014
ch.6;2;WL;22.32;33.00;419.00;0.21;63.00;0.50;54.00;0.00;4.48;2.00;110.00;4.00;131.00;50.00;0.13;19476.74;1.00;1.00;6.00;31.08.2013;25.07.2014
ch.6;9;WL;22.32;37.00;426.00;0.11;138.00;0.46;9.00;0.13;4.40;2.00;110.00;4.00;47.00;50.00;0.29;19476.74;1.00;1.00;6.00;31.08.2013;25.07.2014
ch.6;17;WL;22.32;21.00;432.00;0.18;187.00;0.00;20.00;0.00;4.35;2.00;110.00;4.00;101.00;50.00;0.24;19476.74;1.00;1.00;6.00;31.08.2013;25.07.2014
ch.6;25;WL;22.32;20.00;332.00;0.27;18.00;0.00;6.00;0.00;3.50;2.00;110.00;4.00;82.00;50.00;-0.61;19476.74;1.00;1.00;6.00;31.08.2013;25.07.2014
ch.7;2;HL;6.85;14.00;697.00;0.31;37.00;0.13;0.00;0.03;3.61;3.00;95.00;4.00;34.00;50.00;-0.67;13684.34;1.00;1.00;5.00;05.09.2013;20.07.2014
ch.7;9;HL;6.85;16.00;357.00;0.17;54.00;0.00;0.00;0.08;4.51;3.00;95.00;4.00;34.00;50.00;0.23;13684.34;1.00;1.00;5.00;05.09.2013;20.07.2014
ch.7;17;HL;6.85;1.00;204.00;0.00;67.00;0.00;0.00;0.00;5.05;3.00;95.00;4.00;35.00;50.00;-0.15;13684.34;1.00;1.00;5.00;05.09.2013;20.07.2014
ch.7;25;HL;6.85;3.00;276.00;0.08;114.00;0.32;0.00;0.07;5.81;3.00;95.00;4.00;24.00;50.00;0.61;13684.34;1.00;1.00;5.00;05.09.2013;20.07.2014
ch.8;2;HL;11.06;6.00;723.00;0.14;44.00;0.09;85.00;0.03;6.15;4.00;175.00;4.00;46.00;50.00;-0.19;29854.85;1.00;2.00;5.00;31.08.2013;19.07.2014
ch.8;9;HL;11.06;8.00;536.00;0.16;104.00;0.04;105.00;0.08;7.14;4.00;175.00;4.00;28.00;50.00;0.80;29854.85;1.00;2.00;5.00;31.08.2013;19.07.2014
ch.8;17;HL;11.06;4.00;865.00;0.26;84.00;0.20;54.00;0.08;4.63;4.00;175.00;4.00;41.00;50.00;-0.61;29854.85;1.00;2.00;5.00;31.08.2013;19.07.2014
ch.8;25;HL;11.06;3.00;654.00;0.00;147.00;0.00;29.00;0.13;5.38;4.00;175.00;4.00;38.00;50.00;0.14;29854.85;1.00;2.00;5.00;31.08.2013;19.07.2014
ch.9;2;HL;13.57;31.00;407.00;0.23;68.00;0.08;64.00;0.09;1.74;2.00;130.00;4.00;57.00;45.00;-0.43;30811.23;3.00;0.00;4.00;05.09.2013;18.07.2014
ch.9;9;HL;13.57;12.00;841.00;0.00;77.00;0.19;68.00;0.13;2.11;2.00;130.00;4.00;63.00;45.00;-0.06;30811.23;3.00;0.00;4.00;05.09.2013;18.07.2014
ch.9;17;HL;13.57;12.00;967.00;0.11;57.00;0.09;38.00;0.15;2.79;2.00;130.00;4.00;65.00;45.00;0.02;30811.23;3.00;0.00;4.00;05.09.2013;18.07.2014
ch.9;25;HL;13.57;11.00;389.00;0.16;119.00;0.19;33.00;0.10;2.86;2.00;130.00;4.00;76.00;45.00;0.09;30811.23;3.00;0.00;4.00;05.09.2013;18.07.2014
;;;;;;;;;;;;;;;;;;;;;;;
